Date,Sender,FileName,Department,Url

27/3/2569 17:23:28,งานธุรการกลาง,กำหนดการ 6 เม.ย. 69.pdf,Admin,https://drive.google.com/file/d/1dYgR1t9ejL5h_TzsvJLvrYsYhFsqb6mj/view?usp=drivesdk
3/25/2026 16:37:57,งานธุรการกลาง,255-2569 เรื่อง ขอความอนุเคราะห์ประชาสัมพันธ์ประกาศการคัดเลือกรางวัลของคุรุสภา ประจำปี 2569.pdf,บริหารงานวิชาการ,https://drive.google.com/file/d/1BstwB4L4RzBT9TyV3ULxe2OL5vbAx4Ec/view?usp=drivesdk
3/25/2026 16:38:07,งานธุรการกลาง,259-2569 เรื่อง ประชาสัมพันธ์การอบรมเชิงปฏิบัติการพัฒนาการจัดการเรียนรู้ยุคใหม่ด้วยเทคโนโลยีดิจิทัล.pdf,บริหารงานวิชาการ,https://drive.google.com/file/d/1JKynIS7KZaEZlKnZsqPmxdtqA2ZzO6Me/view?usp=drivesdk
3/25/2026 16:52:26,งานธุรการกลาง,255-2569 เรื่อง ขอความอนุเคราะห์ประชาสัมพันธ์ประกาศการคัดเลือกรางวัลของคุรุสภา ประจำปี 2569.pdf,บริหารงานวิชาการ,https://drive.google.com/file/d/12DDn--47XMGZcMueWasIChAiQU8Ql62f/view?usp=drivesdk
3/18/2026 14:40:12,ระบบเดิม (นำเข้า),228-2569  เรื่อง ขอความร่วมมือในการลดการใช้พลังงานเพื่อรองรับสถานการณ์วิกฤตการณ์ในตะวันออกกลาง.pdf,บริหารงานทั่วไป,https://drive.google.com/file/d/1hYUcnwdhnsH5CIeDLNERbhlySFK3JfSs/view?usp=drivesdk
3/18/2026 14:40:10,ระบบเดิม (นำเข้า),226-2569 เรื่อง ขอความร่วมมือนำเข้าข้อมูลด้านการกีฬาในระบบสารานุกรมกีฬาประเทศไทย Thailand SportsAlmanac.pdf,บริหารงานทั่วไป,https://drive.google.com/file/d/18xgLEVPeB_HTv6OiClBELR-vK6x7TIPd/view?usp=drivesdk
3/4/2026 15:54:44,ระบบเดิม (นำเข้า),190-2569 เรื่อง ขอให้ตรวจสอบและรายงานข้อมูลที่ดินในความครอบครองใช้ประโยชน์.pdf,บริหารงานทั่วไป,https://drive.google.com/file/d/1sJvfxPZK23DN0BYAzA51YoAatGp_ni9t/view?usp=drivesdk
2/26/2026 8:10:47,ระบบเดิม (นำเข้า),187-2569 เรื่อง ขออนุญาตเข้าพื้นที่เพื่อประชาสัมพันธ์โครงการประกันชีวิตและเก็บข้อมูลโดยแบบสอบถาม.pdf,บริหารงานทั่วไป,https://drive.google.com/file/d/1e_2f5-wp1a74hkg0sRc5AOjmcJ-8WiMp/view?usp=drivesdk
2/19/2026 9:15:15,ระบบเดิม (นำเข้า),145-2569 เรื่อง ขอเชิญเข้าร่วมเป็นเกียรติในโครงการอนุรักษ์สืบสานภูมิปัญญาท้องถิ่นท่าพริกเนินทราย.pdf,บริหารงานทั่วไป,https://drive.google.com/file/d/1mLKyAcKEGu67M8Lb8syYEG8I9Dvp2FL8/view?usp=drivesdk
2/23/2026 16:13:29,ระบบเดิม (นำเข้า),172-2569 เรื่อง ขอความอนุเคราะห์สถานที่จัดโครงการประชุม (ชมรมหูหนวก).pdf,บริหารงานทั่วไป,https://drive.google.com/file/d/1cKB6zeamUpGZQwgh4NAxBanyosMONkp8/view?usp=drivesdk
1/19/2026 12:11:43,ระบบเดิม (นำเข้า),37-2569 เรื่อง ประชาสัมพันธ์คู่มือจริยธรรมสื่อสารมวลชนและแนวปฏิบัติการรายงานข่าว.pdf,บริหารงานทั่วไป,https://drive.google.com/file/d/1kPbtVXx4WkuaenHy4S0b9_UODtmNZqbU/view?usp=drivesdk
2/10/2026 16:16:19,ระบบเดิม (นำเข้า),128-2569 เรื่อง แจ้งจัดสรรงบประมาณรายจ่ายประจำปีงบประมาณ พ.ศ. ๒๕๖๙ งบกลาง (ในการควบคุมและจัดการเลือกตั้งสมาชิกสภาผู้แทนราษฎร).pdf,บริหารงานทั่วไป,https://drive.google.com/file/d/1tymyPyGqVzLRVJ6IhTM-BBfTCO9sf9DG/view?usp=drivesdk
2/3/2026 10:24:47,ระบบเดิม (นำเข้า),119 เรื่อง ขอความอนุเคราะห์ใช้สถานที่ในการจัดโครงการให้ความรู้ทันตสุขศึกษาและตรวจคัดกรองสุขภาพ.pdf,บริหารงานทั่วไป,https://drive.google.com/file/d/1AwTen_Ro5st7mNPtouroRmexZ4_BMvUj/view?usp=drivesdk
2/2/2026 16:01:22,ระบบเดิม (นำเข้า),114-2569 เรื่อง ขอความอนุเคราะห์ศึกษาดูงาน.pdf,บริหารงานทั่วไป,https://drive.google.com/file/d/1E6aLNKs3si90NGlEEfQNTnQQmvA4JkGm/view?usp=drivesdk
2/2/2026 9:17:47,ระบบเดิม (นำเข้า),111-2569 เรื่อง ขอเชิญประชุม.pdf,บริหารงานทั่วไป,https://drive.google.com/file/d/1kR3GbGeCPhObU3bvCwX6ypIPqJN0y82e/view?usp=drivesdk
1/22/2026 9:31:05,ระบบเดิม (นำเข้า),89-2569 เรื่อง การลงพื้นที่เพื่อซักซ้อมความเข้าใจและตรวจสอบสภาพการใช้ประโยชน์ให้เป็นไปตามวัตถุประสงค์.pdf,บริหารงานทั่วไป,https://drive.google.com/file/d/1a8rAcfXFUVYnAXsWN2ODv5lbwolzAcOl/view?usp=drivesdk
1/19/2026 12:11:41,ระบบเดิม (นำเข้า),35-2569  เรื่อง เชิญประชุมชี้แจงเพื่อทำความเข้าใจหลักเกณฑ์มาตรฐานศูนย์ราชการสะดวก (GECC) ประจำปี 2569.pdf,บริหารงานทั่วไป,https://drive.google.com/file/d/15aaQmKj5ZTyjKlzJOC6EXyDcLoSBDrhP/view?usp=drivesdk
1/15/2026 15:37:52,ระบบเดิม (นำเข้า),64-2569 เรื่อง ขอความร่วมมือตอบแบบสำรวจการจัดระดับสิ่งอำนวยความสะดวกสำหรับคนพิการ.pdf,บริหารงานทั่วไป,https://drive.google.com/file/d/1_AQVGGvoIO5HKdy6wTYME1B_ZuIfwIxf/view?usp=drivesdk
1/14/2026 11:03:56,ระบบเดิม (นำเข้า),59-2569 เรื่อง แจ้งรหัสการเข้าใช้งานระบบ MOE DO.pdf,บริหารงานทั่วไป,https://drive.google.com/file/d/12J4mN_KH0l5wxyaHgeKJrq2XqqB8uhr4/view?usp=drivesdk
3/25/2026 15:52:44,ระบบเดิม (นำเข้า),260-2569 เรื่อง จัดสรรงบ ปีงบ 2569 งบรายจ่ายอื่นธุรการ (ธุรการ พี่เลี้ยง จ้างเหมา 1 เดือน มีนาคม).pdf,บริหารงานบุคคล,https://drive.google.com/file/d/1xdV5M0OXJEdQrGvOj-wTkBUAqrcUS46q/view?usp=drivesdk
3/25/2026 15:52:42,ระบบเดิม (นำเข้า),262-2569 เรื่อง จัดสรรงบ ปีงบ 2569 ครูประจำห้องเรียนค่ขนานสำหรับบุคคลออทิสติก (1 เดือน มีนาคม).pdf,บริหารงานบุคคล,https://drive.google.com/file/d/133vZjW4Rijxyy7viefPpel3o-zwNs2nV/view?usp=drivesdk
3/25/2026 15:52:41,ระบบเดิม (นำเข้า),261-2569 เรื่อง จัดสรรงบ ปีงบ 2569 ครูประจำศูนย์ฯโรงพยาบาล (1 เดือน มีนาคม).pdf,บริหารงานบุคคล,https://drive.google.com/file/d/1AdOe572NwFbISu9LrnPh7yhzM0Cro0QA/view?usp=drivesdk
3/23/2026 16:55:08,ระบบเดิม (นำเข้า),249-2569 เรื่อง แจ้งจัดสรรงบประมาณรายจ่าย ปีงบ 69 งบบุคลากรและงบดำเนินงาน ครั้งที่ 2 (พนักงานราชการ 5 เดือน  มี.ค - ก.ค.).pdf,บริหารงานบุคคล,https://drive.google.com/file/d/1LUEXN3SUU7NA34zrJmKYkmr6P95Scy70/view?usp=drivesdk
3/24/2026 14:20:04,ระบบเดิม (นำเข้า),256-2569 เรื่อง การโอนเปลี่ยนแปลง ปีงบ 2569 ครั้งที่ 383 (พนักงาน มี.ค. - ก.ค.).pdf,บริหารงานบุคคล,https://drive.google.com/file/d/1LYZsQg6c3s9VDN5tFUVEyRr19LsToH0s/view?usp=drivesdk
3/23/2026 16:55:15,ระบบเดิม (นำเข้า),240-2569 เรื่อง การคัดเลือกครูผู้สมควรได้รับพระราชทานรางวัลสมเด็จเจ้าฟ้ามหาจักรี ครั้งที่ 7 ปี 2570.pdf,บริหารงานบุคคล,https://drive.google.com/file/d/1Yclvzi1D2Loz92rvTUAGL8-G-WUn9Cun/view?usp=drivesdk
3/23/2026 16:55:14,ระบบเดิม (นำเข้า),248-2569 เรื่อง ประชาสัมพันธ์การเปิดรับสมัครสมาชิก ช.พ.ค. และสมาชิก ช.พ.ส.เป็นกรณีพิเศษ 2569.pdf,บริหารงานบุคคล,https://drive.google.com/file/d/1HTic-O0T7oENoAj8SBpHJYUcb55LPBEG/view?usp=drivesdk
3/23/2026 16:55:12,ระบบเดิม (นำเข้า),243-2569 เรื่อง เชิญร่วมกิจกรรมเฉลิมพระเกียรติสมเด็พระเทพรัตนราชสุดาฯ.pdf,บริหารงานบุคคล,https://drive.google.com/file/d/1X-qW8387q0ZAomww4HrPoSjzrFUJItue/view?usp=drivesdk
3/23/2026 16:55:11,ระบบเดิม (นำเข้า),242-2569 เรื่อง เชิญร่วมงานวันพระบาทสมเด็จพระพุทธยอดฟ้าจุฬาโลกและวันที่ระลึกมหาจักรี.pdf,บริหารงานบุคคล,https://drive.google.com/file/d/1Mn2rL_DFMcet5SDuwMiZ5dlvax_kqXO4/view?usp=drivesdk
3/23/2026 16:55:09,ระบบเดิม (นำเข้า),253-2569 เรื่อง จัดส่งบัตรประจำตัวเจ้าหน้าที่ของรัฐ (รองผู้อำนวยการ).pdf,บริหารงานบุคคล,https://drive.google.com/file/d/16o0Gb89S2txFRxiAyQ0YE_e3j3zrzhQM/view?usp=drivesdk
3/19/2026 14:30:40,ระบบเดิม (นำเข้า),236-2569 เรื่อง ขอส่งตัวบุคลากรกลับไปปฏิบัติหน้าที่.pdf,บริหารงานบุคคล,https://drive.google.com/file/d/11RqoG25U2doO7ua0ZLZe5mHwkQTICnE7/view?usp=drivesdk
3/17/2026 16:23:58,ระบบเดิม (นำเข้า),232-2569 เรื่อง ขอความอนุเคราะห์รสำรวจข้อมูลบุคลากรวิชาชีพกายภาพบำบัดในสถานศึกษาสังกัดสำนักบริหารงานการศึกษาพิเศษ.pdf,บริหารงานบุคคล,https://drive.google.com/file/d/1aoS8aiOFeX201mZXpZc2ACpvSec5D1JU/view?usp=drivesdk
3/16/2026 13:51:19,ระบบเดิม (นำเข้า),218-2569 เรื่อง ขอเชิญประชุมผู้อำนวยการศูนย์การศึกษาพิเศษ ในเขตการศึกษา ๑๒.pdf,บริหารงานบุคคล,https://drive.google.com/file/d/1VJcA5FHz5ue6y31fbVX4TI7JgQW4YBRt/view?usp=drivesdk
2/18/2026 16:36:00,ระบบเดิม (นำเข้า),"161-2569 เรื่อง ส่งคำสั่ง (แก้ไขคำสั่ง หทัยรัตน์,จิณณฉัตร,พัชรี,มนลดา).pdf",บริหารงานบุคคล,https://drive.google.com/file/d/1cXJ7vEQf6Mpjzfam9wJxJQOlvz4iTnNX/view?usp=drivesdk
3/4/2026 8:25:16,ระบบเดิม (นำเข้า),193-2569 เรื่อง ส่งคำสั่ง (ทยากร).pdf,บริหารงานบุคคล,https://drive.google.com/file/d/1nWiHkzvYppI1DQJZak1UYLEJKS3Wo1wv/view?usp=drivesdk
3/9/2026 9:14:37,ระบบเดิม (นำเข้า),208-2569 เรื่อง ส่งคำสั่ง (แต่งตั้งข้าราชการครูและบุคลากรทางการศึกษารักษาการในตำแหน่งผู้อำนวยการสถานศึกษา).pdf,บริหารงานบุคคล,https://drive.google.com/file/d/14g6EIYwnVeUl39ALbDOHRW7W2s3mZ2AT/view?usp=drivesdk
3/5/2026 12:32:45,ระบบเดิม (นำเข้า),202-2569 เรื่อง ขอเปลี่ยนแปลงกำหนดการ และเชิญเข้าร่วมโครงการอบรมครูผู้ช่วยเพื่อเตรียมความพร้อมอย่างเข้ม.pdf,บริหารงานบุคคล,https://drive.google.com/file/d/1P9X2aHqOPDesyGoVfcdzRccFlPbZxq2F/view?usp=drivesdk
3/5/2026 12:32:43,ระบบเดิม (นำเข้า),198-2569 เรื่อง ซักซ้อมการเลื่อนเงินเดือนข้าราชการและเลื่อนขั้นค่าจ้างลูกจ้างประจำ ครั้งที่๑ (๑ เมษายน ๒๕๖๙).pdf,บริหารงานบุคคล,https://drive.google.com/file/d/15uRZmKIX74NHFf8Tix4IrBIplZdXcGMb/view?usp=drivesdk
2/26/2026 9:42:33,ระบบเดิม (นำเข้า),189-2569 เรื่อง ขอเอกสารหลักฐานเพิ่มเติมเพื่อประกอบการพิจารณาจัดทำคำสั่ง.pdf,บริหารงานบุคคล,https://drive.google.com/file/d/1KNVCqf6JUy_CNAUdZfIY6HY76Uaq4m-o/view?usp=drivesdk
2/24/2026 10:51:35,ระบบเดิม (นำเข้า),179-2569 เรื่อง การโอนเปลี่ยนแปลง ปีงบ 2569 ครั้งที่ 314 (พี่เลี้ยง จ้างเหมา ธุรการ 1 เดือน).pdf,บริหารงานบุคคล,https://drive.google.com/file/d/1rwogrRJwSMqf1eTEMuidgZr5rUktPUaD/view?usp=drivesdk
2/24/2026 10:51:37,ระบบเดิม (นำเข้า),178-2569  เรื่อง จัดสรรงบประมาณรายจ่ายปีงบ 69 ครูประจำโรงพยาบาล ครั้งที่ 2 ระยะเวลา 1 เดือน.pdf,บริหารงานบุคคล,https://drive.google.com/file/d/1F0HxHFNijLcOEF9h2yYQ8qCTzC76U5rf/view?usp=drivesdk
2/24/2026 10:51:34,ระบบเดิม (นำเข้า),181-2569 เรื่อง การโอนเปลี่ยนแปลง ปีงบ 2569 ครั้งที่ 324 (ครูประจำโรงพยาบาล ระยะเวลา 1 เดือน).pdf,บริหารงานบุคคล,https://drive.google.com/file/d/18Ed9GtcVbkMW9-owGlcPl2AOEh8pezko/view?usp=drivesdk
2/24/2026 10:51:33,ระบบเดิม (นำเข้า),182-2569 เรื่อง การโอนเปลี่ยนแปลง ปีงบ 2569 ครั้งที่ 324 (ครูห้องคู่ขนานสำหรับบุคคลออทิสติ ระยะเวลา 1 เดือน).pdf,บริหารงานบุคคล,https://drive.google.com/file/d/1tyYfUOH0ScSVr0z_MJ5dTEicUTB7lV5w/view?usp=drivesdk
2/24/2026 10:51:31,ระบบเดิม (นำเข้า),177-2569 เรื่อง จัดสรรงบประมาณรายจ่ายปีงบ 69 ครูห้องคู่ขนานสำหรับบุคคลออทิสติก ครั้งที่ 2 ระยะเวลา 1 เดือน.pdf,บริหารงานบุคคล,https://drive.google.com/file/d/1GeuM-7lwskqoxg8oqjRybyKvUCIa-D0i/view?usp=drivesdk
2/23/2026 10:19:07,ระบบเดิม (นำเข้า),171-2569 เรื่อง ขอเชิญประชุมเชิงปฏิบัติการทบทวนและสร้างแนวทางลดภาระงานครู ตามนโยบายระยะเร่งด่วน.pdf,บริหารงานบุคคล,https://drive.google.com/file/d/1MRv-I7maLOt49SVuHFcNVGpPcAEA9kpA/view?usp=drivesdk
2/18/2026 16:36:03,ระบบเดิม (นำเข้า),163-2569 เรื่อง เชิญร่วมพิธีสวดพระพุทธมนต์ถวายพระราชกุศลแด่ สมเด็จพระนางเจ้าสิริกิติ์.pdf,บริหารงานบุคคล,https://drive.google.com/file/d/1bL1f4WV8ezdzGy5QnnnJex7jMdNW7i-4/view?usp=drivesdk
2/18/2026 16:36:01,ระบบเดิม (นำเข้า),160-2569 เรื่อง ส่งคำสั่ง (แก้ไขคำสั่ง รัชนีกร).pdf,บริหารงานบุคคล,https://drive.google.com/file/d/1JibI2uyQdBzXQd9C7smhY8I6PQwA8Uia/view?usp=drivesdk
2/18/2026 16:35:58,ระบบเดิม (นำเข้า),162-2569 เรื่อง จัดสรรงบประมาณรายจ่ายปีงบ ๒๕๖๙ งบรายจ่ายอื่น สำหรับจ้างบุคลากร ครั้งที่ ๒ ระยะเวลา ๑ เดือน (กุมภาพันธ์ ๒๕๖๙).pdf,บริหารงานบุคคล,https://drive.google.com/file/d/1KqtYJiLIpzXiEAdE_WJtZBVR3KJuDv6x/view?usp=drivesdk
2/18/2026 9:18:36,ระบบเดิม (นำเข้า),157-2569 เรื่อง ส่งคำสั่ง แต่งตั้งคณะกรรมการเตรียมความพร้อมและพัฒนาอย่างเข้ม ตำแหน่งครูผู้ช่วย (เขมิกา อินทิพร).pdf,บริหารงานบุคคล,https://drive.google.com/file/d/16rJUZJ56qiOscwNxKdV8WW2Ue4jA-x0G/view?usp=drivesdk
2/11/2026 7:37:19,ระบบเดิม (นำเข้า),142-2569 เรื่อง จัดส่งบัตรประจำตัวเจ้าหน้าที่ของรัฐ (เขมิกา อินทิพร).pdf,บริหารงานบุคคล,https://drive.google.com/file/d/1TxsTR5li7jaN3RuiAYoqGe-xgv2ye1dJ/view?usp=drivesdk
2/6/2026 10:54:33,ระบบเดิม (นำเข้า),126-2569 เรื่อง จัดส่งบัตรประจำตัวเจ้าหน้าที่ของรัฐ (พรจนา).pdf,บริหารงานบุคคล,https://drive.google.com/file/d/18QNUilJYbu_jrUritBHWUCKJRMfq5AZ8/view?usp=drivesdk
2/10/2026 16:17:32,ระบบเดิม (นำเข้า),130-2569 เรื่อง การเสนอชื่อเพื่อการสรรหาบุคคล หน่วยงาน และโครงการ เพื่อประกาศเกียรติคุณเป็น ค่าของแผ่นดิน ปี 2568.pdf,บริหารงานบุคคล,https://drive.google.com/file/d/1CedHj8dkQr5ZRqPNbVcUoSphGtooTnAj/view?usp=drivesdk
2/10/2026 16:17:31,ระบบเดิม (นำเข้า),129-2569 เรื่อง ขอความอนุเคราะห์ประชาสัมพันธ์กิจกรรมและเชิญบุคลากรเข้าร่วมกิจกรรม EDC Trainer 2026.pdf,บริหารงานบุคคล,https://drive.google.com/file/d/1Bnj3a5z147z8SBHa0_MczNPTCo0PnWMO/view?usp=drivesdk
2/10/2026 16:17:30,ระบบเดิม (นำเข้า),139-2569 เรื่อง การคัดเลือกข้าราชการพลเรือนดีเด่นประจำปี พ.ศ.๒๕๖๘ (การรายงานข้อมูลจำนวนบุคลากร ณ วันที่ ๓๐ กันยายน ๒๕๖๘).pdf,บริหารงานบุคคล,https://drive.google.com/file/d/1myNB3fkhbY5s1VuXTxe83qliT87wsna-/view?usp=drivesdk
2/10/2026 16:17:30,ระบบเดิม (นำเข้า),137-2569 เรื่อง การคัดเลือกข้าราชการพลเรือนดีเด่นประจำปี พ.ศ.๒๕๖๘.pdf,บริหารงานบุคคล,https://drive.google.com/file/d/1Zq2tggAmhCRlOhu8nTt1mRS8rJX5xmkC/view?usp=drivesdk
2/10/2026 16:17:29,ระบบเดิม (นำเข้า),135-2569 เรื่อง รายงานสัญญาจ้างสำหรับการปฏิบัติงานของครูประจำห้องเรียนคู่ขนานสำหรับบุคคลออทิสติกและโรงพยาบาล.pdf,บริหารงานบุคคล,https://drive.google.com/file/d/1WKKG4wcB9yF8CzJH0l2ykbGjClcXglh7/view?usp=drivesdk
2/4/2026 10:00:26,ระบบเดิม (นำเข้า),122-2569 เรื่อง ขอความอนุเคราะห์ใช้สถานศึกษาเป็นสถานที่ฝึกประสบการณ์วิชาชีพครู.pdf,บริหารงานบุคคล,https://drive.google.com/file/d/1KvyOhMTmRho0p_9lcO6dGa41CEwjT1js/view?usp=drivesdk
2/3/2026 10:24:32,ระบบเดิม (นำเข้า),120-2569 เรื่อง การคัดเลือกข้าราชการพลเรือนดีเด่นประจำปี พ.ศ.๒๕๖๘.pdf,บริหารงานบุคคล,https://drive.google.com/file/d/1recQnCYUh7cKMjgAdHyIjVctSJvG_l43/view?usp=drivesdk
2/3/2026 10:24:32,ระบบเดิม (นำเข้า),121-2569 เรื่อง โครงการประกันอุบัติเหตุส่วนบุคคลหมู่ให้แก่ครูและบุคลากรทางการศึกษา ประจำปี 2569.pdf,บริหารงานบุคคล,https://drive.google.com/file/d/1e7-SPS9pDkp_f9rVNuIF9zFBVhvjb64R/view?usp=drivesdk
2/2/2026 16:01:05,ระบบเดิม (นำเข้า),117-2569 เรื่อง ขอความอนุเคราะห์ใช้สถานศึกษาเป็นสถานที่ฝึกประสบการณ์วิชาชีพครู.pdf,บริหารงานบุคคล,https://drive.google.com/file/d/1O_oeR_PEtk3FRgf9-trYi7vmqC6o6zHl/view?usp=drivesdk
2/2/2026 16:01:04,ระบบเดิม (นำเข้า),114-2569 เรื่อง ขอความอนุเคราะห์ศึกษาดูงาน.pdf,บริหารงานบุคคล,https://drive.google.com/file/d/1ymGOUip9LDPYytf5XCkRNq10gwINgCBn/view?usp=drivesdk
2/2/2026 16:01:03,ระบบเดิม (นำเข้า),118-2569 เรื่อง ส่งตัวนักศึกษาเข้ารับฝึกประสบการณ์ฯ และปฏิบัติการสอนในสถานศึกษา.pdf,บริหารงานบุคคล,https://drive.google.com/file/d/1PVQClD45GauiwxoionnwxyNPqcYNCLMX/view?usp=drivesdk
2/2/2026 8:49:19,ระบบเดิม (นำเข้า),110-2569 เรื่อง เรื่อง ขอขอบคุณ(วันครู 2569).pdf,บริหารงานบุคคล,https://drive.google.com/file/d/1gwRcZ53p_BT_a1VWmaZKldXn3YsW6Usg/view?usp=drivesdk
2/20/2026 9:01:53,ระบบเดิม (นำเข้า),96-2569  เรื่อง การคัดเลือกผู้ทำคุณประโยชน์ให้แก่กระทรวงศึกษาธิการ ประจำปี ๒๕๖๙.pdf,บริหารงานบุคคล,https://drive.google.com/file/d/1WKFLnpr1QKThzzgbNrCSf-bBbethWs7y/view?usp=drivesdk
1/23/2026 14:23:58,ระบบเดิม (นำเข้า),32-2569 เรื่อง ส่งคำสั่ง (คศ.2).pdf,บริหารงานบุคคล,https://drive.google.com/file/d/1x5gA0gGBGUArF0hn2LyplBvhBlTH7tr1/view?usp=drivesdk
1/21/2026 14:40:41,ระบบเดิม (นำเข้า),86-2569 เรื่อง สำรวจตำแหน่งว่างและกลุ่มวิชาเอก สำหรับดำเนินการคัดเลือกบุคคลเพื่อบรรจุและแต่งตั้งเข้ารับราชการ ตำแหน่งครูผู้ช่วย กรณีพิเศษ ปี 2569.pdf,บริหารงานบุคคล,https://drive.google.com/file/d/1GlaPyuX20y8VCHJrSrtoA35kGMuVk95x/view?usp=drivesdk
1/20/2026 15:43:33,ระบบเดิม (นำเข้า),79-2569 เรื่อง ส่งคำสั่ง (รองผู้อำนวยการ).pdf,บริหารงานบุคคล,https://drive.google.com/file/d/1kXIg6EtcEbvOGJUR2SjaH4hHMcZyxo7L/view?usp=drivesdk
1/20/2026 15:43:30,ระบบเดิม (นำเข้า),75-2569 เรื่อง การบันทึกรายงานข้อมูลสัญญาจ้าง งบประมาณรายจ่ายประจำปีงบประมาณ พ.ศ. ๒๕๖๙ รอบ ๔ เดือนแรก (ตุลาคม ๒๕๖๘ - มกราคม ๒๕๖๙).pdf,บริหารงานบุคคล,https://drive.google.com/file/d/1KKYPk9jRBBAvwEHaFmCsaJkilK1nuCZe/view?usp=drivesdk
1/15/2026 12:40:15,ระบบเดิม (นำเข้า),60-2569 เรื่อง การบันทึกข้อมูลพนักงานราชการให้เป็นปัจจุบัน ปีงบประมาณ 2569.pdf,บริหารงานบุคคล,https://drive.google.com/file/d/1Rb_-o1hYU8Lv-eftswu3pjA1o_yB-MoB/view?usp=drivesdk
1/13/2026 10:46:24,ระบบเดิม (นำเข้า),34-2569 เรื่อง ส่งคำสั่ง (คศ.1).pdf,บริหารงานบุคคล,https://drive.google.com/file/d/1H-d-JvlBYxFTiSSERnx1YHynfWK-nlIy/view?usp=drivesdk
1/12/2026 13:32:22,ระบบเดิม (นำเข้า),25-2569 เรื่อง ประกาศผลการคัดเลือกยกย่องเชิดชูเกียรติผู้มีผลงานดีเด่น สถานศึกษาสังกัดสศศ. กลุ่ม ๒ ประจำปี ๒๕๖๙ - ศูนย์การศึกษาพิเศษ ประจําจังหวัดตราด.pdf,บริหารงานบุคคล,https://drive.google.com/file/d/1IzydOFHSV03wjRgduR3aaUIpCkXIVeal/view?usp=drivesdk
1/7/2026 14:38:17,ระบบเดิม (นำเข้า),5-2569 เรื่อง การย้ายข้าราชการครูและบุคลากรทางการศึกษา ตำแหน่งครู สังกัดกระทรวงศึกษาธิการ - ศูนย์การศึกษาพิเศษ ประจําจังหวัดตราด.pdf,บริหารงานบุคคล,https://drive.google.com/file/d/1tdHkYDAvU5khLwitst09A_rkmiAdajea/view?usp=drivesdk
1/7/2026 14:38:15,ระบบเดิม (นำเข้า),1-2569 เรื่อง ส่งตัวผู้ได้รับการคัดเลือกบุคคลเพื่อบรรจุและแต่งตั้ง ให้ดำรงตำแหน่งรองผู้อำนวยการสถานศึกษาสังกัดสำนักงานคณะกรรมการการศึกษาขั้นพื้นฐาน ปี พ.ศ. 2568 - ศูนย์การศึกษาพิเศษ ประจําจังหวัดตราด.pdf,บริหารงานบุคคล,https://drive.google.com/file/d/1WhuIa5byxtL_aVbP2k9RHdGcg0ac-o7Y/view?usp=drivesdk
1/7/2026 14:38:13,ระบบเดิม (นำเข้า),14-2569 เรื่อง ประกาศตำแหน่งว่างในสถานศึกษาสังกัดสำนักบริหารงานการศึกษาพิเศษ ตำแหน่งครู - ศูนย์การศึกษาพิเศษ ประจําจังหวัดตราด.pdf,บริหารงานบุคคล,https://drive.google.com/file/d/1qOxh3uky2wtQAEfGK6P_E6Bmw61Moj7S/view?usp=drivesdk
3/25/2026 16:38:05,ระบบเดิม (นำเข้า),259-2569 เรื่อง ประชาสัมพันธ์การอบรมเชิงปฏิบัติการพัฒนาการจัดการเรียนรู้ยุคใหม่ด้วยเทคโนโลยีดิจิทัล.pdf,บริหารงานวิชาการ,https://drive.google.com/file/d/1JKynIS7KZaEZlKnZsqPmxdtqA2ZzO6Me/view?usp=drivesdk
3/25/2026 16:37:55,ระบบเดิม (นำเข้า),255-2569 เรื่อง ขอความอนุเคราะห์ประชาสัมพันธ์ประกาศการคัดเลือกรางวัลของคุรุสภา ประจำปี 2569.pdf,บริหารงานวิชาการ,https://drive.google.com/file/d/1BstwB4L4RzBT9TyV3ULxe2OL5vbAx4Ec/view?usp=drivesdk
3/24/2026 15:10:41,ระบบเดิม (นำเข้า),200-2569 เรื่อง ส่งคำสั่ง (พ.ค.ก.).pdf,บริหารงานวิชาการ,https://drive.google.com/file/d/19mYBx6IuRJlBHvfBWCXmjVzfSEz6dKk4/view?usp=drivesdk
3/24/2026 14:28:08,ระบบเดิม (นำเข้า),254-2569 เรื่อง คลังสือนวัตกรรมการศึกษาประจำปี 2569.pdf,บริหารงานวิชาการ,https://drive.google.com/file/d/1z6Jn4HK7UrhXH9u4OjOAN9e2zwtmjCYD/view?usp=drivesdk
3/24/2026 14:28:07,ระบบเดิม (นำเข้า),246-2569 เรื่อง ขอเชิญเข้าร่วมกิจกรรมคลินิกวิชาการและการประชุมถอดบทเรียนการใช้หลักสูตรการศึกษาปฐมวัย.pdf,บริหารงานวิชาการ,https://drive.google.com/file/d/1hpu_lJS_FE7M2p0az6OTPBpmrZxA0ip3/view?usp=drivesdk
3/19/2026 14:28:55,ระบบเดิม (นำเข้า),231-2569 เรื่อง ส่งตัวนักเรียนเข้ารับบริการทางการศึกษาพิเศษ.pdf,บริหารงานวิชาการ,https://drive.google.com/file/d/1I6ira5a-0TixvZRumVRKFUCoSJA1R2xw/view?usp=drivesdk
3/18/2026 14:43:27,ระบบเดิม (นำเข้า),227-2569 เรื่อง ขอความอนุเคราะห์เสนอรายชื่อผู้รับผิดชอบด้านข้อมูลสารสนเทศทางการศึกษาของหน่วยงาน.pdf,บริหารงานวิชาการ,https://drive.google.com/file/d/1EjdfKFF1krSv66sx-wS-mRufpQJfvLgp/view?usp=drivesdk
3/18/2026 14:43:25,ระบบเดิม (นำเข้า),225-2569 เรื่อง ขอเชิญหน่วยงานในสังกัดของท่านส่งบุคลากรเข้าร่วมประชุมวิชาการแลกเปลี่ยนเรียนรู้.pdf,บริหารงานวิชาการ,https://drive.google.com/file/d/1rMquPu8et9mHhVLxBf2c5aoTsu0WT7ph/view?usp=drivesdk
3/17/2026 15:03:25,ระบบเดิม (นำเข้า),215-2569 เรื่อง ขอเชิญเข้าร่วมกิจกรรมเลี้ยงอาหารกลางวันเด็กนักเรียน ประจำปี ๒๕๖๙.pdf,บริหารงานวิชาการ,https://drive.google.com/file/d/1SibTV734kpw9NFiuyF3-NLYA7bbPhrTc/view?usp=drivesdk
3/16/2026 14:57:56,ระบบเดิม (นำเข้า),219-2569 เรื่อง เชิญประชุมคณะกรรมการกำหนดและรับรองรายละเอียด คุณลักษณะเฉพาะครุภัณฑ์ (บัญชี ก.).pdf,บริหารงานวิชาการ,https://drive.google.com/file/d/14W5NLQCaq59NtS07EhvzSN1mK2443Pre/view?usp=drivesdk
3/16/2026 14:57:55,ระบบเดิม (นำเข้า),223-2569 เรื่อง ขอความอนุเคราะห์คัดกรองนักเรียน.pdf,บริหารงานวิชาการ,https://drive.google.com/file/d/1H30oRSSEXpf2_xasVxqJd22caJiPUwag/view?usp=drivesdk
3/6/2026 8:57:30,ระบบเดิม (นำเข้า),136-2569 เรื่อง ขอความอนุเคราะห์วิทยากร.pdf,บริหารงานวิชาการ,https://drive.google.com/file/d/1JXGZHLF7YKQq_QLOKEMWl8ujlaZnLcUX/view?usp=drivesdk
3/5/2026 12:33:25,ระบบเดิม (นำเข้า),195-2569 เรื่อง ขอความอนุเคราะห์ตอบแบบสำรวจข้อมูลสภาพการจัดการหลักสูตรสถานศึกษาของศูนย์การศึกษาพิเศษ.pdf,บริหารงานวิชาการ,https://drive.google.com/file/d/1jp8RNfz-mI7STjB2FjWnasauCTEB4ETi/view?usp=drivesdk
3/4/2026 15:55:42,ระบบเดิม (นำเข้า),148-2569 ขอส่งหนังสือแนวทางการดำเนินงาน ตามโครงการสนับสนุนค่าใช้จ่ายในการจัดการศึกษา.pdf,บริหารงานวิชาการ,https://drive.google.com/file/d/1lOJmOnoHCzVWPrLxDFgybcLL0Y_4M35t/view?usp=drivesdk
2/26/2026 8:11:10,ระบบเดิม (นำเข้า),186-2569 เรื่อง ขอความอนุเคราะห์ตอบแบบสอบถามเพื่อการวิจัย.pdf,บริหารงานวิชาการ,https://drive.google.com/file/d/1E2OwRDA5MD9R4mA1mt0OGpUloUJcvYmr/view?usp=drivesdk
2/23/2026 10:18:45,ระบบเดิม (นำเข้า),164-2569 เรื่อง ขอส่งใบสมัครหน่วยบริการที่ให้บริการตามบัญชี ข.pdf,บริหารงานวิชาการ,https://drive.google.com/file/d/18btZsQOjuIgNiaLCRhrvcsmJgfuPt76s/view?usp=drivesdk
2/23/2026 10:18:43,ระบบเดิม (นำเข้า),173-2569 เรื่อง ประชาสัมพันธ์เชิญชวนส่งบทความวิจัยสำหรับนำเสนอผลงานวิจัย ระดับชาติและนานาชาติ (ICE 2026).pdf,บริหารงานวิชาการ,https://drive.google.com/file/d/1Gxi8tsR3aq17kEzizQ4r2lco1QZvmjq9/view?usp=drivesdk
2/23/2026 10:18:42,ระบบเดิม (นำเข้า),168-2569 ส่งสำเนาหนังสือ ส่วนราชการมาเพื่อแจ้งให้สถานศึกษาทราบและถือปฏิบัติ จำนวน ๒ ฉบับ.pdf,บริหารงานวิชาการ,https://drive.google.com/file/d/11PILzs8XTC-lvZLUXwenkDNZTU2bojZD/view?usp=drivesdk
2/23/2026 10:18:40,ระบบเดิม (นำเข้า),167-2569 ส่งสำเนาหนังสือ สถาบันแห่งชาติเพื่อการพัฒนาเด็กและครอบครัว จำนวน ๓ ฉบับ.pdf,บริหารงานวิชาการ,https://drive.google.com/file/d/1T0_sqgQPM1THvebmpetELQCLjHeOCNqZ/view?usp=drivesdk
2/16/2026 13:51:21,ระบบเดิม (นำเข้า),146-2569 เรื่อง ความคิดเห็นต่อแนวทางการคัดเลือกสถานศึกษาเพื่อรับรางวัล IQA AWARD ประจำปีการศึกษา ๒๕๖๘.pdf,บริหารงานวิชาการ,https://drive.google.com/file/d/1r8cqX9c4MVcUdrXnC3-xvsYt3jf60SPc/view?usp=drivesdk
2/16/2026 13:50:50,ระบบเดิม (นำเข้า),133-2569 เรื่อง ครงการอบรมออนไลน์ “Smart Inclusive Classroomm พลิกโฉมห้องเรียนรวม.pdf,บริหารงานวิชาการ,https://drive.google.com/file/d/1MdC8QSlaHDkdCCMIpGmZNxH_0ki4DBtF/view?usp=drivesdk
2/16/2026 13:50:47,ระบบเดิม (นำเข้า),141-2569 เรื่อง การดำเนินงานเกี่ยวกับแนวทางการประกันคุณภาพการศึกษาของสถานศึกษา ประจำปีงบประมาณ พ.ศ. ๒๕๖๙.pdf,บริหารงานวิชาการ,https://drive.google.com/file/d/1TM-m7L2WZxAu040hHB39uGQdUf5rdy0r/view?usp=drivesdk
2/16/2026 13:50:45,ระบบเดิม (นำเข้า),132-2569 เรื่อง ประชาสัมพันธ์ “ศูนย์ประสานงานรับนักเรียน ปีการศึกษา ๒๕๖๙”.pdf,บริหารงานวิชาการ,https://drive.google.com/file/d/1y-wzKG7-9kxmch9hLLUENLAC0_sSQdev/view?usp=drivesdk
2/20/2026 8:56:29,ระบบเดิม (นำเข้า),95-2569 สำรวจข้อมูลนักเรียน ครู และบุคลากรทางการศึกษาที่ได้รับผลกระทบจากเหตุการณ์ชายแดนไทย - กัมพูชา.pdf,บริหารงานวิชาการ,https://drive.google.com/file/d/1iIxu5-DW9J6BOQA83zMIpt_QUPJ5yxEI/view?usp=drivesdk
2/20/2026 8:57:28,ระบบเดิม (นำเข้า),112-2569 เรื่อง นำส่งคำขอสิ่งอำนวยความสะดวก สื่อ บริการ.pdf,บริหารงานวิชาการ,https://drive.google.com/file/d/10kXAzMoMYgQLwqoSp_wwazvzymeHmQKD/view?usp=drivesdk
2/20/2026 8:58:15,ระบบเดิม (นำเข้า),108-2569 เรื่อง ขอความอนุเคราะห์ประชาสัมพันธ์และจัดส่งผู้เข้าแข่งขันตอบปัญหา แฟนพันธุ์แท้ ประวัติศาสตร์เมืองตราด.pdf,บริหารงานวิชาการ,https://drive.google.com/file/d/1zhJGncQTGoPuqLd6Or7R3wDVqU0911mb/view?usp=drivesdk
2/2/2026 8:43:47,ระบบเดิม (นำเข้า),102-2569 เรื่อง รายงานผลการใช้งบประมาณรายจ่ายประจำปีงบประมาณ พ.ศ. ๒๕๖๗ - ๒๕๖๘ งบเงินอุดหนุน เงินอุดหนุนทั่วไป.pdf,บริหารงานวิชาการ,https://drive.google.com/file/d/1j1OUsPRerLUEuwOPokoYn7mFaeiE1wGd/view?usp=drivesdk
1/26/2026 9:58:55,ระบบเดิม (นำเข้า),99-2569 เรื่อง ประเมินการดำเนินงานตามโครงการอบรมติดตาม ตรวจสอบ และประเมินผลการดำเนินงานการให้บริการสิ่งอำนวยความสะดวก สื่อ บริการ และความช่วยเหลืออื่นใดทางการศึกษา.pdf,บริหารงานวิชาการ,https://drive.google.com/file/d/1CyHHAfS0AniMViyfR_XcKtIy6GFUCEHa/view?usp=drivesdk
1/26/2026 9:58:54,ระบบเดิม (นำเข้า),100-2569 เรื่อง ขอความอนุเคราะห์ประชาสัมพันธ์และเผยแพร่แบบสอบถามเพื่อการวิจัย.pdf,บริหารงานวิชาการ,https://drive.google.com/file/d/1EOakpiCBZxBtMvY7adr1XbXSMBTAaRFU/view?usp=drivesdk
1/22/2026 9:29:55,ระบบเดิม (นำเข้า),92-2569 เรื่อง โครงการแลกเปลี่ยนเครือข่าย ASPnet ของสาธารณรัฐเกาหลี ประจำปี พ.ศ. ๒๕๖๙.pdf,บริหารงานวิชาการ,https://drive.google.com/file/d/1PRPw8oQLIrI3KHSAQymb6eft5tAVo_N_/view?usp=drivesdk
1/22/2026 9:29:54,ระบบเดิม (นำเข้า),90-2569 เรื่อง ขอความอนุเคราะห์ใช้สถานที่สนามหญ้าเทียมและเจ้าหน้าที่ควบคุมเครื่องเสียง.pdf,บริหารงานวิชาการ,https://drive.google.com/file/d/1r-JWHC9HHz_pTsI33AoZRU4E3KHU8362/view?usp=drivesdk
1/22/2026 9:29:52,ระบบเดิม (นำเข้า),91-2569 เรื่อง ขอความอนุเคราะห์ประชาสัมพันธ์หลักสูตรผู้ดำเนินการคัดกรองคนพิการทางการศึกษา.pdf,บริหารงานวิชาการ,https://drive.google.com/file/d/1z4fseIJIqPbjg73d598FEDN8ofUyYZ2L/view?usp=drivesdk
1/21/2026 14:39:54,ระบบเดิม (นำเข้า),85-2569 เรื่อง ขอความอนุเคราะห์ประชาสัมพันธ์โครงการอบรมและการจัดสอบวัดระดับความรู้ภาษาอังกฤษโดยสถาบันภาษา มหาวิทยาลัยธรรมศาสตร์.pdf,บริหารงานวิชาการ,https://drive.google.com/file/d/1i9842mx4J2K2-O3IVeOyhGGWU9IWQXH0/view?usp=drivesdk
1/21/2026 14:39:52,ระบบเดิม (นำเข้า),83-2569  เรื่อง กิจกรรมอบรมหลักสูตรผู้ฝึกสอนกีฬาจานร่อนระดับพื้นฐาน ประจำปีงบประมาณ พ.ศ. ๒๕๖๙.pdf,บริหารงานวิชาการ,https://drive.google.com/file/d/1BT471r3WJxAUY9_x0vJyBTUQch8Qd_dA/view?usp=drivesdk
1/21/2026 14:39:50,ระบบเดิม (นำเข้า),82-2569 เรื่อง ขอขอบคุณ และขออนุเคราะห์ความร่วมมือ ตอบแบบสอบถามคุณภาพชีวิตของเด็กพิการครั้งที่ 3.pdf,บริหารงานวิชาการ,https://drive.google.com/file/d/1d_6p7PV4KS8644df4EZ0CiComlQ0PCi7/view?usp=drivesdk
1/20/2026 15:10:01,ระบบเดิม (นำเข้า),28-2569 เรื่อง งานวันคนพิการสากลจังหวัดตราด ประจำปี ๒๕๖๘.pdf,บริหารงานวิชาการ,https://drive.google.com/file/d/1CHgpCk5MbLlUK3gw8lno7vVZ0oWqoDIA/view?usp=drivesdk
1/20/2026 10:37:38,ระบบเดิม (นำเข้า),81-2569 เรื่อง ขออนุญาตเก็บข้อมูลเพื่อการวิจัย.pdf,บริหารงานวิชาการ,https://drive.google.com/file/d/1bTlb3pSVc1tnyKGRsanb_hYB1JDtp8TJ/view?usp=drivesdk
1/19/2026 12:11:16,ระบบเดิม (นำเข้า),61-2569 เรื่อง ขออนุญาตเก็บข้อมูลเพื่อการวิจัย.pdf,บริหารงานวิชาการ,https://drive.google.com/file/d/1ZjxUFsVAzimYIGa7IgnHu0e7mBcoTeno/view?usp=drivesdk
1/15/2026 15:37:15,ระบบเดิม (นำเข้า),63-2569 เรื่อง ขอเชิญประชุม (ศิลปะหัตถกรรม ครั้งที่ 73).pdf,บริหารงานวิชาการ,https://drive.google.com/file/d/1i-o_yELysS-qu37_VHbyMR2g641m2J-p/view?usp=drivesdk
1/15/2026 15:37:14,ระบบเดิม (นำเข้า),70-2569 เรื่อง ขอข้อมูลเพื่อจัดทำแผนพัฒนาท้องถิ่น (พ.ศ. ๒๕๗๑ - ๒๕๓๕).pdf,บริหารงานวิชาการ,https://drive.google.com/file/d/1ea3nGDvZGTTkxrdNJKmfnh9g3X6cdART/view?usp=drivesdk
1/15/2026 13:40:33,ระบบเดิม (นำเข้า),62-2569 เรื่อง สำเนาหนังสือสถาบันแห่งชาติเพื่อการพัฒนาเด็กและครอบครัว.pdf,บริหารงานวิชาการ,https://drive.google.com/file/d/1NAwopl_RAO9oUvQxos9rR9ffUsdHxZVJ/view?usp=drivesdk
1/15/2026 13:40:31,ระบบเดิม (นำเข้า),65-2569 คูปอง โรงเรียนบ้านฉางเกลือ.pdf,บริหารงานวิชาการ,https://drive.google.com/file/d/1xNPB2Yku4SBeT4yvZrclshutLuHYzbdt/view?usp=drivesdk
1/14/2026 16:54:08,ระบบเดิม (นำเข้า),47-2569 คูปอง โรงเรียนบ้านมะนาว.pdf,บริหารงานวิชาการ,https://drive.google.com/file/d/1X7GWsaAorHdcaT6mG-3ObtyyIoXCJ8aP/view?usp=drivesdk
1/14/2026 16:54:06,ระบบเดิม (นำเข้า),49-2569 คูปอง โรงเรียนบ้านท่าเรือจ้าง.pdf,บริหารงานวิชาการ,https://drive.google.com/file/d/1x94AAcsl40XTtZt7ZQW4xOswVe2_kJRL/view?usp=drivesdk
1/14/2026 16:54:05,ระบบเดิม (นำเข้า),48-2569 คูปอง โรงเรียนบ้านไร่ป่า.pdf,บริหารงานวิชาการ,https://drive.google.com/file/d/18qaTg5obF37TYZAXAdH21I3m3AZypqil/view?usp=drivesdk
1/14/2026 16:54:03,ระบบเดิม (นำเข้า),52-2569 คูปอง โรงเรียนชุมชนบ้านเขาสมิง.pdf,บริหารงานวิชาการ,https://drive.google.com/file/d/1r7rZlNEJX_zItU9kzvhJitPIHbKz-5rT/view?usp=drivesdk
1/14/2026 16:54:02,ระบบเดิม (นำเข้า),66-2569 คูปอง โรงเรียนเขาน้อยวิทยาคม.pdf,บริหารงานวิชาการ,https://drive.google.com/file/d/16pt8J2FZic-HoqnEjVooN3nXh9tYQm7h/view?usp=drivesdk
1/14/2026 16:53:59,ระบบเดิม (นำเข้า),67-2569 คูปอง โรงเรียนบ้านห้วงพัฒนา.pdf,บริหารงานวิชาการ,https://drive.google.com/file/d/1T69GxUwPVJj7-TkkMTddglr_dd0dqfw-/view?usp=drivesdk
1/14/2026 16:53:34,ระบบเดิม (นำเข้า),50-2569 คูปอง โรงเรียนบ้านเกษมสุข.pdf,บริหารงานวิชาการ,https://drive.google.com/file/d/1RbVMA9U_9BgKtV98rjdRYsUZkWds2nUd/view?usp=drivesdk
1/14/2026 16:53:32,ระบบเดิม (นำเข้า),51-2569 คูปอง โรงเรียนบ้านเกษมสุข.pdf,บริหารงานวิชาการ,https://drive.google.com/file/d/1fi6g0R_w4h42HdHL8Fs36aE7ec3u9xCz/view?usp=drivesdk
1/14/2026 16:53:31,ระบบเดิม (นำเข้า),39-2569 คูปอง โรงเรียนวัดบางปรือ.pdf,บริหารงานวิชาการ,https://drive.google.com/file/d/1w1yXxCVW981InyBQEZog1u8Om8NgCL4i/view?usp=drivesdk
1/14/2026 16:53:29,ระบบเดิม (นำเข้า),40-2569 คูปอง โรงเรียนบ้านเนินตาล.pdf,บริหารงานวิชาการ,https://drive.google.com/file/d/1V4F2u7nYETKJAD5c4_TVvFU0upNO80Ux/view?usp=drivesdk
1/14/2026 16:53:28,ระบบเดิม (นำเข้า),41-2569 คูปอง โรงเรียนชุมชนวัดบางกระดาน.pdf,บริหารงานวิชาการ,https://drive.google.com/file/d/1cMH1emv865bEb4Ma5gt7ShJTj-I6bas6/view?usp=drivesdk
1/14/2026 16:53:26,ระบบเดิม (นำเข้า),42-2569 คูปอง โรงเรียนวัดสลักเพชร.pdf,บริหารงานวิชาการ,https://drive.google.com/file/d/1hhexWtSniBpSRLB3LdqwpdOhUNdyFZUi/view?usp=drivesdk
1/14/2026 16:53:25,ระบบเดิม (นำเข้า),43-2569 คูปอง โรงเรียนวัดสลัก.pdf,บริหารงานวิชาการ,https://drive.google.com/file/d/1ikPbhH9NT-8anjZSmFOJ1WfYvygD-f4w/view?usp=drivesdk
1/14/2026 16:53:23,ระบบเดิม (นำเข้า),44-2569 คูปอง โรงเรียนชุมชนวัดอ่าวช่อ.pdf,บริหารงานวิชาการ,https://drive.google.com/file/d/1mfcrW-RTNKCkcEMFu3bVOUKnBmP6ZSE4/view?usp=drivesdk
1/14/2026 16:53:22,ระบบเดิม (นำเข้า),45-2569 คูปอง โรงเรียนบ่อไร่วิทยาคม.pdf,บริหารงานวิชาการ,https://drive.google.com/file/d/1cxuYGDvsWkMixhzZn1-QSOlmG7C1mUKA/view?usp=drivesdk
1/14/2026 16:53:20,ระบบเดิม (นำเข้า),46-2569 คูปอง โรงเรียนบ้านเจียรพัฒนา.pdf,บริหารงานวิชาการ,https://drive.google.com/file/d/1C3N54gKq4FNpUm3JIf-Cv1nbSrRxyeI2/view?usp=drivesdk
1/14/2026 15:56:17,ระบบเดิม (นำเข้า),57-2569 เรื่อง ประเมินการดำเนินงานตามโครงการอบรมครูฝึกพูดและพัฒนาทักษะการสื่อสาร (การแก้ไขการพูด).pdf,บริหารงานวิชาการ,https://drive.google.com/file/d/15I-PGbmTd0V_ATfL-srfIYR0bZCU99wH/view?usp=drivesdk
1/14/2026 15:56:16,ระบบเดิม (นำเข้า),56-2569 เรื่อง เชิญเข้าร่วมการแข่งขันกิจกรรมทักษะกลไก.pdf,บริหารงานวิชาการ,https://drive.google.com/file/d/1_rK4XeCzlIbGkxawX2IMpvBgKV-p_l8q/view?usp=drivesdk
1/12/2026 13:40:56,ระบบเดิม (นำเข้า),27-2569 เรื่อง ขอส่งแบบสำรวจรับฟังความคิดเห็นการจัดการศึกษาระดับปฐมวัยสำหรับเด็กพิการทางสติปัญญาออทิสติก - ศูนย์การศึกษาพิเศษ ประจําจังหวัดตราด.pdf,บริหารงานวิชาการ,https://drive.google.com/file/d/1dvwVCBiLQPgC2BrLZKxy1pI82tUalBnV/view?usp=drivesdk
1/12/2026 13:30:50,ระบบเดิม (นำเข้า),21-2569 เรื่อง ชี้แจงโครงการปี 2569 และขอความร่วมมือประชาสัมพันธ์การร่วมกิจกรรม - ศูนย์การศึกษาพิเศษ ประจําจังหวัดตราด.pdf,บริหารงานวิชาการ,https://drive.google.com/file/d/1LoSJFnoU4nU9cNd6hpC8JEdFbTcBZRUA/view?usp=drivesdk
1/12/2026 13:30:48,ระบบเดิม (นำเข้า),12-2569 เรื่อง การจ่ายคูปองสิ่งอำนวยความสะดวก สื่อ บริการและความช่วยเหลืออื่นใดทางการศึกษา - ศูนย์การศึกษาพิเศษ ประจําจังหวัดตราด.pdf,บริหารงานวิชาการ,https://drive.google.com/file/d/1u1dmzf3rrHTHYa0_iP4-8hpK70cIKZ3n/view?usp=drivesdk
1/12/2026 13:30:47,ระบบเดิม (นำเข้า),13-2569 เรื่อง ตอบรับคูปองและรายงานการจ่ายคูปอง - ศูนย์การศึกษาพิเศษ ประจําจังหวัดตราด.pdf,บริหารงานวิชาการ,https://drive.google.com/file/d/1WdvAegbj5-QPG-I6GRLDHmM-Ma9gmaxN/view?usp=drivesdk
1/12/2026 13:30:46,ระบบเดิม (นำเข้า),16-2569 เรื่อง แจ้งผลการพิจารณาของคณะอนุกรรมการฯ - ศูนย์การศึกษาพิเศษ ประจําจังหวัดตราด.pdf,บริหารงานวิชาการ,https://drive.google.com/file/d/15wdtOuIrtBcBPwqAko9shQ5NbgEuqk9E/view?usp=drivesdk
1/12/2026 13:30:43,ระบบเดิม (นำเข้า),17-2569 เรื่อง ตอบรับคูปองและรายงานการจ่ายคูปอ - ศูนย์การศึกษาพิเศษ ประจําจังหวัดตราด.pdf,บริหารงานวิชาการ,https://drive.google.com/file/d/1P4Mp_FCzbB3_pgGEoJ6rdasHK2irQOkA/view?usp=drivesdk
1/12/2026 13:30:42,ระบบเดิม (นำเข้า),18-2569 เรื่อง การขอรับสิ่งอำนวยความสะดวก สื่อ บริการและความช่วยเหลืออื่นใดทางการศึกษาโดยใช้ระบบคูปอ - ศูนย์การศึกษาพิเศษ ประจําจังหวัดตราด.pdf,บริหารงานวิชาการ,https://drive.google.com/file/d/1CYfduf4p7KG0HpvGBsHW4gJavOAjC9xM/view?usp=drivesdk
1/12/2026 13:30:41,ระบบเดิม (นำเข้า),19-2569 เรื่อง แจ้งผลการพิจารณาของคณะอนุกรรมการฯ - ศูนย์การศึกษาพิเศษ ประจําจังหวัดตราด.pdf,บริหารงานวิชาการ,https://drive.google.com/file/d/1tzaU9zPBHRtjVO2REUlrl-R0FvRbEbGu/view?usp=drivesdk
1/12/2026 13:30:39,ระบบเดิม (นำเข้า),20-2569 เรื่อง แจ้งผลการพิจารณาของอนุกรรมการ - ศูนย์การศึกษาพิเศษ ประจําจังหวัดตราด.pdf,บริหารงานวิชาการ,https://drive.google.com/file/d/1VvuJ82lWt8RA-tVBnlQeRwQYI0cWV5Ci/view?usp=drivesdk
1/12/2026 13:30:38,ระบบเดิม (นำเข้า),26-2569 เรื่อง แจ้งเวียนแผนพัฒนาเทคโนโลยีดิจิทัลเพื่อการศึกษาขั้นพื้นฐาน พ.ศ. ๒๕๖๖ - ๒๕๗๐ (ฉบับปรับปรุง) - ศูนย์การศึกษาพิเศษ ประจําจังหวัดตราด.pdf,บริหารงานวิชาการ,https://drive.google.com/file/d/1ukceg73UzsIU9nONlMIpvmXELuB_pz1b/view?usp=drivesdk
1/12/2026 13:30:36,ระบบเดิม (นำเข้า),31-2569 เรื่อง แจ้งผลการพิจารณาของคณะอนุกรรมการฯ - ศูนย์การศึกษาพิเศษ ประจําจังหวัดตราด.pdf,บริหารงานวิชาการ,https://drive.google.com/file/d/18Hcx9ORuYIWoTq2WMPbmjcBW2SqXUvLU/view?usp=drivesdk
1/7/2026 16:51:39,ระบบเดิม (นำเข้า),2-2569 เรื่อง ขอเชิญผู้ฝึกสอนกีฬาเข้าร่วมอบรมหลักสูตรประกาศนียบัตรผู้ฝึกสอนสเปเชียลโอลิมปิคไทย - ศูนย์การศึกษาพิเศษ ประจําจังหวัดตราด.pdf,บริหารงานวิชาการ,https://drive.google.com/file/d/16p5RJip3AWINRIleexcinu6zEfKYvvx5/view?usp=drivesdk
1/7/2026 16:51:39,ระบบเดิม (นำเข้า),9-2569 เรื่อง ส่งทะเบียนคุมการจ่ายคูปองและคูปอง - ศูนย์การศึกษาพิเศษ ประจําจังหวัดตราด.pdf,บริหารงานวิชาการ,https://drive.google.com/file/d/1Yd_SIbHyXor78DODfcQ_e-s7SiTYjzfy/view?usp=drivesdk
1/7/2026 16:51:38,ระบบเดิม (นำเข้า),10-2569 เรื่อง ขอตอบรับการดำเนินการจ่ายคูปอง - ศูนย์การศึกษาพิเศษ ประจําจังหวัดตราด.pdf,บริหารงานวิชาการ,https://drive.google.com/file/d/1OiMVPo7bdqQEFPiZakLfIdiNymybOoHv/view?usp=drivesdk
1/7/2026 16:51:38,ระบบเดิม (นำเข้า),8-2569 เรื่อง ตอบรับคูปองและรายงานการจ่ายคูปอง - ศูนย์การศึกษาพิเศษ ประจําจังหวัดตราด.pdf,บริหารงานวิชาการ,https://drive.google.com/file/d/1cGuh4dCUG0eyneU0LgEGGzyXoa4A1u7A/view?usp=drivesdk
3/25/2026 15:53:06,ระบบเดิม (นำเข้า),262-2569 เรื่อง จัดสรรงบ ปีงบ 2569 ครูประจำห้องเรียนค่ขนานสำหรับบุคคลออทิสติก (1 เดือน มีนาคม).pdf,บริหารแผนงานและงบประมาณ,https://drive.google.com/file/d/1PiY_wquMus-eQtMmaL7P4edzPd1Y1M91/view?usp=drivesdk
3/25/2026 15:53:05,ระบบเดิม (นำเข้า),261-2569 เรื่อง จัดสรรงบ ปีงบ 2569 ครูประจำศูนย์ฯโรงพยาบาล (1 เดือน มีนาคม).pdf,บริหารแผนงานและงบประมาณ,https://drive.google.com/file/d/1P1z0u62RsH7wTLmdUm5niul4i_LD6fEx/view?usp=drivesdk
3/25/2026 15:53:03,ระบบเดิม (นำเข้า),260-2569 เรื่อง จัดสรรงบ ปีงบ 2569 งบรายจ่ายอื่นธุรการ (ธุรการ พี่เลี้ยง จ้างเหมา 1 เดือน มีนาคม).pdf,บริหารแผนงานและงบประมาณ,https://drive.google.com/file/d/1TZYo12AgU1-1yy6TfWQemdh61dYUVLsE/view?usp=drivesdk
3/24/2026 16:20:28,ระบบเดิม (นำเข้า),241-2569 เรื่อง ขอให้ตรวจสอบการชำระค่าบริการเป็นเงินเชื่อ.pdf,บริหารแผนงานและงบประมาณ,https://drive.google.com/file/d/11bT-zqb1fftOTz9m3RaOuv1Qe3-fs2Jo/view?usp=drivesdk
3/24/2026 16:20:27,ระบบเดิม (นำเข้า),244-2569  เรื่อง การเยียวยาและสร้างขวัญกำลังใจให้นักเรียน ครู และบุคลากรทางการศึกษา สถานการณ์ชายแดนไทย-กัมพูชา.pdf,บริหารแผนงานและงบประมาณ,https://drive.google.com/file/d/173qvtxaT7Xn3kOw12upVKB3HW5q72OM1/view?usp=drivesdk
3/24/2026 16:20:25,ระบบเดิม (นำเข้า),250-2569 เรื่อง หลักเกณฑ์และวิธีปฏิบัติในการขอขยายเวลาเบิกจ่ายงบประมาณปี พ.ศ. 2568.pdf,บริหารแผนงานและงบประมาณ,https://drive.google.com/file/d/1AVC9QertNVwvv2LMYFeIiBIAn_dDSeK9/view?usp=drivesdk
3/24/2026 16:20:21,ระบบเดิม (นำเข้า),239-2569 เรื่อง การทอดผ้าป่าสมทบกองทุนพัฒนาเด็กชนบท พระเทพฯ.pdf,บริหารแผนงานและงบประมาณ,https://drive.google.com/file/d/1MdMg9CFhTklH_bXXEXwxmjUEmiJaagdx/view?usp=drivesdk
3/24/2026 16:20:20,ระบบเดิม (นำเข้า),249-2569 เรื่อง แจ้งจัดสรรงบประมาณรายจ่าย ปีงบ 69 งบบุคลากรและงบดำเนินงาน ครั้งที่ 2 (พนักงานราชการ 5 เดือน  มี.ค - ก.ค.).pdf,บริหารแผนงานและงบประมาณ,https://drive.google.com/file/d/1e_17CuC6A5MzjHM9pbankX6_r6pZTui-/view?usp=drivesdk
3/24/2026 16:20:18,ระบบเดิม (นำเข้า),256-2569 เรื่อง การโอนเปลี่ยนแปลง ปีงบ 2569 ครั้งที่ 383 (พนักงาน มี.ค. - ก.ค.).pdf,บริหารแผนงานและงบประมาณ,https://drive.google.com/file/d/1LO9IM5OUR1OsUCE3d5hKXbjRUPSZ25HO/view?usp=drivesdk
3/24/2026 15:10:51,ระบบเดิม (นำเข้า),200-2569 เรื่อง ส่งคำสั่ง (พ.ค.ก.).pdf,บริหารแผนงานและงบประมาณ,https://drive.google.com/file/d/1ZyfguZTGLOqOUAUj2uLFNtQkqoO8wTi2/view?usp=drivesdk
3/19/2026 14:29:17,ระบบเดิม (นำเข้า),238-2569 เรื่อง ขอเชิญเข้าร่วมโครงการประชุมชี้แจงให้ความรู้งานประกันสังคม.pdf,บริหารแผนงานและงบประมาณ,https://drive.google.com/file/d/1gAq-LpZUCrxipnnfZ1plfEs_-OdyXazl/view?usp=drivesdk
3/17/2026 17:07:23,ระบบเดิม (นำเข้า),229-2569 เรื่อง ขอเข้าปฏิบัติงานก่อสร้าง พร้อมส่งรายชื่อช่างวิศวกรผู้ควบคุมงานของผู้รับจ้าง.pdf,บริหารแผนงานและงบประมาณ,https://drive.google.com/file/d/132zZ4iy0bXQfwXBwzsccSOhgMbffvBiV/view?usp=drivesdk
3/11/2026 8:58:01,ระบบเดิม (นำเข้า),207-2569 เรื่อง การเพิกถอนรายชื่อผู้ทิ้งงาน.pdf,บริหารแผนงานและงบประมาณ,https://drive.google.com/file/d/1f-Qqm0gjOq4d9Py5J6qDQa51SVOmGbqX/view?usp=drivesdk
3/9/2026 9:36:13,ระบบเดิม (นำเข้า),205-2569 เรื่อง รายงานการประชุมติดตามเร่งรัดการเบิกจ่ายงบประมาณและการใช้จ่ายภาครัฐจังหวัดตราด ครั้งที่ ๑-๒๕๖๙.pdf,บริหารแผนงานและงบประมาณ,https://drive.google.com/file/d/15ZPUVLrhvxpdlO0NAbpR8nw5qcc0PWoX/view?usp=drivesdk
3/4/2026 15:54:59,ระบบเดิม (นำเข้า),192-2569 เรื่อง แจ้งส่งคืนเงินเหลือจ่ายงบประมาณรายจ่ายประจำปีงบประมาณ พ.ศ. ๒๕๖๙ งบลงทุน ค่าครุภัณฑ์ที่ดินและสิ่งก่อสร้าง (งบปีเดียว) ครั้งที่ ๑.pdf,บริหารแผนงานและงบประมาณ,https://drive.google.com/file/d/1DUQJm8IVHNSVLEnjhCu68o9mjuQbo8Q6/view?usp=drivesdk
2/24/2026 10:51:00,ระบบเดิม (นำเข้า),179-2569 เรื่อง การโอนเปลี่ยนแปลง ปีงบ 2569 ครั้งที่ 314 (พี่เลี้ยง จ้างเหมา ธุรการ 1 เดือน).pdf,บริหารแผนงานและงบประมาณ,https://drive.google.com/file/d/1SMAWosR0bTYi4zjbCmcZ18Wzk2gXz_dT/view?usp=drivesdk
2/24/2026 11:02:39,ระบบเดิม (นำเข้า),174-2569 เรื่อง ขอแจ้งหนี้ค่าตรวจสุขภาพประจำปี 2569.pdf,บริหารแผนงานและงบประมาณ,https://drive.google.com/file/d/1S9fdycUomCrrbMIPDiRtSo5M5tkQlmHr/view?usp=drivesdk
2/24/2026 10:51:02,ระบบเดิม (นำเข้า),178-2569  เรื่อง จัดสรรงบประมาณรายจ่ายปีงบ 69 ครูประจำโรงพยาบาล ครั้งที่ 2 ระยะเวลา 1 เดือน.pdf,บริหารแผนงานและงบประมาณ,https://drive.google.com/file/d/1h7GcLsiJ_nwm7JphIySjR-AaeRmLxn43/view?usp=drivesdk
2/24/2026 10:50:58,ระบบเดิม (นำเข้า),181-2569 เรื่อง การโอนเปลี่ยนแปลง ปีงบ 2569 ครั้งที่ 324 (ครูประจำโรงพยาบาล ระยะเวลา 1 เดือน).pdf,บริหารแผนงานและงบประมาณ,https://drive.google.com/file/d/1krrMLiJuC6AxGR6LZvyEAgMa-dMtjcEQ/view?usp=drivesdk
2/24/2026 10:50:57,ระบบเดิม (นำเข้า),182-2569 เรื่อง การโอนเปลี่ยนแปลง ปีงบ 2569 ครั้งที่ 324 (ครูห้องคู่ขนานสำหรับบุคคลออทิสติ ระยะเวลา 1 เดือน).pdf,บริหารแผนงานและงบประมาณ,https://drive.google.com/file/d/1ODYdlIte746I7zZg5Jv9PkWBZZBPzjgk/view?usp=drivesdk
2/24/2026 10:50:53,ระบบเดิม (นำเข้า),177-2569 เรื่อง จัดสรรงบประมาณรายจ่ายปีงบ 69 ครูห้องคู่ขนานสำหรับบุคคลออทิสติก ครั้งที่ 2 ระยะเวลา 1 เดือน.pdf,บริหารแผนงานและงบประมาณ,https://drive.google.com/file/d/10fP-Yu0Erh_q6PJmuskxTfYYDMrmEGwq/view?usp=drivesdk
2/23/2026 16:12:43,ระบบเดิม (นำเข้า),169-2569 เรื่อง การรายงานข้อมูลรายการระหว่างกันของหน่วยงานภาครัฐ.pdf,บริหารแผนงานและงบประมาณ,https://drive.google.com/file/d/1o-l3AA6G0n4PDsf0ct7ZOj-iQBB8JqBB/view?usp=drivesdk
2/23/2026 16:12:42,ระบบเดิม (นำเข้า),170-2569 เรื่อง เกณฑ์การประเมินผลการปฏิบัติงานด้านบัญชีภาครัฐ ประจำปีงบประมาณ พ.ศ. ๒๕๖๙.pdf,บริหารแผนงานและงบประมาณ,https://drive.google.com/file/d/1jmEvJjaU_ivXDkPSUKn-ESRDmvwJGp8R/view?usp=drivesdk
2/23/2026 16:12:40,ระบบเดิม (นำเข้า),149-2569 เรื่อง มาตรการเร่งรัดการเบิกจ่ายงบประมาณและการใช้จ่ายภาครัฐ ปีงบ ๒๕๖๙ งบลงทุน (ฉบับแก้ไข).pdf,บริหารแผนงานและงบประมาณ,https://drive.google.com/file/d/19TSFuCgCvkYmLKOgi9n8Zb_vLaXly0s_/view?usp=drivesdk
2/18/2026 16:35:15,ระบบเดิม (นำเข้า),160-2569 เรื่อง ส่งคำสั่ง (แก้ไขคำสั่ง รัชนีกร).pdf,บริหารแผนงานและงบประมาณ,https://drive.google.com/file/d/1_x1wFQzma61m7gigiDxhJnX21SCLyTk_/view?usp=drivesdk
2/18/2026 16:35:13,ระบบเดิม (นำเข้า),"161-2569 เรื่อง ส่งคำสั่ง (แก้ไขคำสั่ง หทัยรัตน์,จิณณฉัตร,พัชรี,มนลดา).pdf",บริหารแผนงานและงบประมาณ,https://drive.google.com/file/d/1zBut0XQf_LLhgNU5pzry546xOaNTw1qi/view?usp=drivesdk
2/18/2026 16:35:12,ระบบเดิม (นำเข้า),162-2569 เรื่อง จัดสรรงบประมาณรายจ่ายปีงบ ๒๕๖๙ งบรายจ่ายอื่น สำหรับจ้างบุคลากร ครั้งที่ ๒ ระยะเวลา ๑ เดือน (กุมภาพันธ์ ๒๕๖๙).pdf,บริหารแผนงานและงบประมาณ,https://drive.google.com/file/d/1g9FbUcd8nsi-TQWJcw64rjevaN4MTRuh/view?usp=drivesdk
2/18/2026 16:35:10,ระบบเดิม (นำเข้า),165-2569 เรื่อง การตรวจสอบความถูกต้องการระบุค่าใช้จ่ายเข้าสู่กิจกรรมย่อยในระบบ New GFMIS Thai.pdf,บริหารแผนงานและงบประมาณ,https://drive.google.com/file/d/1jtWbjOdYr1Oxp6Ej3Vhj_vn3z0CuPDff/view?usp=drivesdk
2/18/2026 16:35:09,ระบบเดิม (นำเข้า),156-2569 เรื่อง แนวทางการประกาศเผยแพร่จัดซื้อจัดจ้างประจำปีกรณีการจัดซื้อจัดจ้างพัสดุโดยวิธีเฉพาะเจาะจง.pdf,บริหารแผนงานและงบประมาณ,https://drive.google.com/file/d/1hdKVbWmJtsQVfaJfMNWxZV9yE6VDgUDn/view?usp=drivesdk
2/18/2026 16:35:07,ระบบเดิม (นำเข้า),158-2569 เรื่อง ระเบียบและคู่มือสพฐ. ว่าด้วยการจัดสวัสดิการภายในส่วนราชการ พ.ศ. ๒๕๖๗.pdf,บริหารแผนงานและงบประมาณ,https://drive.google.com/file/d/1r67B90ubP_UPJf6cZfbV4F8hCVQ0q_vh/view?usp=drivesdk
2/18/2026 16:35:06,ระบบเดิม (นำเข้า),166-2569 เรื่อง แจ้งส่งคืนเงินเหลือจ่ายงบ ปีงบ ๒๕๖๙ งบลงทุน ค่าครุภัณฑ์ ที่ดินและสิ่งก่อสร้าง (งบปีเดียว).pdf,บริหารแผนงานและงบประมาณ,https://drive.google.com/file/d/15dgOASrCCLbAcKWJXb8udJbO-Qic-LR2/view?usp=drivesdk
2/16/2026 13:51:51,ระบบเดิม (นำเข้า),143-2569 เรื่อง ขอให้ชำระหนี้ค่าไฟฟ้าค้างชำระ (ครั้งที่ ๑).pdf,บริหารแผนงานและงบประมาณ,https://drive.google.com/file/d/1Ktd7zdUEIkrOPM2XMOzKhfPBFkg6VQFE/view?usp=drivesdk
2/16/2026 13:51:50,ระบบเดิม (นำเข้า),140-2569 เรื่อง การลงพื้นที่ตรวจราชการ กรณีปกติ รอบที่ ๑ ประจำปีงบประมาณ พ.ศ. ๒๕๖๙.pdf,บริหารแผนงานและงบประมาณ,https://drive.google.com/file/d/1OHcYwpseTLIy-DQTTLVnemImKk0Xw3Cv/view?usp=drivesdk
2/11/2026 16:51:03,ระบบเดิม (นำเข้า),125-2569 เรื่อง การโอนเปลี่ยนแปลงเงินจัดสรรงบประมาณรายจ่าย ประจำปีงบประมาณ พ.ศ. ๒๕๖๙ ครั้งที่ ๑๙๑ (เรียนรวม).pdf,บริหารแผนงานและงบประมาณ,https://drive.google.com/file/d/1AVIgJY29biBEwRbOOEWiTpvAxOoC8TMi/view?usp=drivesdk
2/10/2026 16:15:54,ระบบเดิม (นำเข้า),138-2569 เรื่อง แนวทางการหักเงินดือนเงินบำเหน็จเงินบำนาญเพื่อแก้ไขปัญหาหนี้สินครู.pdf,บริหารแผนงานและงบประมาณ,https://drive.google.com/file/d/19l_rDFqYG81qhosHHcQ0HFBSJkQHsghx/view?usp=drivesdk
2/10/2026 16:15:53,ระบบเดิม (นำเข้า),128-2569 เรื่อง แจ้งจัดสรรงบประมาณรายจ่ายประจำปีงบประมาณ พ.ศ. ๒๕๖๙ งบกลาง (ในการควบคุมและจัดการเลือกตั้งสมาชิกสภาผู้แทนราษฎร).pdf,บริหารแผนงานและงบประมาณ,https://drive.google.com/file/d/1g6S1YLGc5po51wMJVmqcaoA8wtqgdqX2/view?usp=drivesdk
2/10/2026 16:15:52,ระบบเดิม (นำเข้า),131-2569 รื่อง ขอเชิญร่วมแสดงความคิดเห็นต่อร่างระเบียบกระทรวงแรงงาน.pdf,บริหารแผนงานและงบประมาณ,https://drive.google.com/file/d/1cHeoUNEgD4evyGytiqqO_Y2pFgSrVRm7/view?usp=drivesdk
2/10/2026 16:15:51,ระบบเดิม (นำเข้า),127-2569 เรื่อง แจ้งการจัดสรรค่าเช่าใช้บริการสัญญาณอินเทอร์เน็ต ประจำปีงบประมาณ พ.ศ. ๒๕๖๙.pdf,บริหารแผนงานและงบประมาณ,https://drive.google.com/file/d/1yn0a1QMqLHK8gEe-_H6A5ovrCjcPo-pA/view?usp=drivesdk
2/4/2026 15:12:34,ระบบเดิม (นำเข้า),123-2569 เรื่อง แจ้งเรื่องการมอบหมายผู้ตรวจราชการ นโยบาย เครื่องมือการตรวจราชการและติดตามประเมินผลการจัดการศึกษา ปีงบประมาณ พ.ศ. 2569.pdf,บริหารแผนงานและงบประมาณ,https://drive.google.com/file/d/11zWH9BDuNYrZkKuGfiT6TBpLWp2TddPF/view?usp=drivesdk
2/4/2026 15:12:33,ระบบเดิม (นำเข้า),116-2569 เรื่อง ขอเชิญประชุมติดตามเร่งรัดการเบิกจ่ายงบประมาณและการใช้จ่ายภาครัฐจังหวัดตราดครั้งที่ ๑-๒๕๖๙.pdf,บริหารแผนงานและงบประมาณ,https://drive.google.com/file/d/13fy0lwwxSzLNxFcmbpiKH1LHHH6Akv0N/view?usp=drivesdk
2/4/2026 15:12:32,ระบบเดิม (นำเข้า),107-2569 เรื่อง โอนเปลี่ยนแปลงเงินจัดสรรงบประมาณรายจ่ายปีงบ๒๕๖๙ ครั้งที่ ๒๕๑ ครั้งที่ ๒ ภาคเรียนที่ ๒-๒๕๖๘ (๓๐%).pdf,บริหารแผนงานและงบประมาณ,https://drive.google.com/file/d/1iGHrRwz0-ZL0M99cxExWqtSv1xJtKekv/view?usp=drivesdk
2/4/2026 15:12:31,ระบบเดิม (นำเข้า),106-2569 เรื่อง จัดสรรงบประมาณรายจ่าย งบเงินอุดหนุน ครั้งที่ ๒ สำหรับภาคเรียนที่ ๒-๒๕๖๘ ร้อยละ ๓๐%.pdf,บริหารแผนงานและงบประมาณ,https://drive.google.com/file/d/1Kvp-B1WDQok9JF97qare1vf59a4I-XGr/view?usp=drivesdk
2/2/2026 8:50:11,ระบบเดิม (นำเข้า),115-2569 เรื่อง แจ้งการจัดกลุ่มประชุมประจำเดือนสัญจร ครั้งที่ 3.pdf,บริหารแผนงานและงบประมาณ,https://drive.google.com/file/d/1Q-uZVyQm9LoLAfW5Rcw80nj2aUgJAde7/view?usp=drivesdk
2/2/2026 8:43:52,ระบบเดิม (นำเข้า),104-2569 เรื่อง ขอให้ตรวจสอบการชำระค่าบริการเป็นเงินเชื่อ.pdf,บริหารแผนงานและงบประมาณ,https://drive.google.com/file/d/1y33CpJXbYlHaqrwcskZcgj5DWjuQXCmn/view?usp=drivesdk
1/27/2026 10:36:11,ระบบเดิม (นำเข้า),97-2569 เรื่อง การเพิกถอนคำสั่งผู้ทิ้งงาน.pdf,บริหารแผนงานและงบประมาณ,https://drive.google.com/file/d/1MkRCFbbIhJdQ0YPFTpvXwhEYt4BsptMZ/view?usp=drivesdk
1/27/2026 10:36:09,ระบบเดิม (นำเข้า),98-2569 เรื่อง แจ้งรายชื่อผู้ทิ้งงาน.pdf,บริหารแผนงานและงบประมาณ,https://drive.google.com/file/d/1emy_88GdQVXa_P9ahkoiLcKmuja5sd7S/view?usp=drivesdk
1/22/2026 10:05:40,ระบบเดิม (นำเข้า),94-2569 เรื่อง มาตรการเร่งรัดการเบิกจ่ายงบประมาณและการใช้จ่ายภาครัฐ ประจำปีงบประมาณ พ.ศ. ๒๕๖๙ งบลงทุน.pdf,บริหารแผนงานและงบประมาณ,https://drive.google.com/file/d/1nAVxXTAgcYPi2YR81KobRGplZFJEhauQ/view?usp=drivesdk
1/22/2026 10:05:38,ระบบเดิม (นำเข้า),93-2569 เรื่อง การโอนเปลี่ยนแปลงปีงบ ๒๕๖๙ ครั้งที่ ๒๓๙ ประกันสังคมพนักงานราชการ.pdf,บริหารแผนงานและงบประมาณ,https://drive.google.com/file/d/1flwI5P48jthG1QZH69pwuV7Q8yQhdlYA/view?usp=drivesdk
1/22/2026 9:30:29,ระบบเดิม (นำเข้า),87-2569 เรื่อง เชิญประชุมทบทวนสาระสำคัญของแผนพัฒนาการศึกษาจังหวัดตราด (พ.ศ.๒๕๖๖ - ๒๕๗๐).pdf,บริหารแผนงานและงบประมาณ,https://drive.google.com/file/d/1qhBF9WftR-QSOJkWsNFRlzX0xQuprFIt/view?usp=drivesdk
1/21/2026 16:35:33,ระบบเดิม (นำเข้า),84-2569 เรื่อง การโอนเปลี่ยนแปลงเงินจัดสรรปีงบประมาณ พ.ศ. ๒๕๖๙ ครั้งที่ ๒๓๔ งบดำเนินงาน (ค่าตอบแทน).pdf,บริหารแผนงานและงบประมาณ,https://drive.google.com/file/d/1gijoMoqjy6pJMB09IQGQA1C6vR6rvN_n/view?usp=drivesdk
1/20/2026 11:01:36,ระบบเดิม (นำเข้า),78-2569 เรื่อง แจ้งเปลี่ยน QR Code คำสั่งคณะกรรมการส่งเสริมการจัดการศึกษาสำหรับคนพิการ ปี ๒๕๖๐ และ ๒๕๖๕.pdf,บริหารแผนงานและงบประมาณ,https://drive.google.com/file/d/1De4A_eW5mRyWHOsUQ9mVxjnRbHfnmyND/view?usp=drivesdk
1/20/2026 11:01:34,ระบบเดิม (นำเข้า),77-2569 เรื่อง แจ้งจัดสรรงบประมาณรายจ่ายประจำปีงบประมาณ พ.ศ. ๒๕๖๙ งบดำเนินงาน (เพิ่มเติม).pdf,บริหารแผนงานและงบประมาณ,https://drive.google.com/file/d/1MmknLoMObCPlfeo5LyT-zI4liyJERtTP/view?usp=drivesdk
1/20/2026 11:01:32,ระบบเดิม (นำเข้า),73-2569 เรื่อง แจ้งจัดสรรงบประมาณรายจ่ายประจำปีงบประมาณ พ.ศ.๒๕๖๙.pdf,บริหารแผนงานและงบประมาณ,https://drive.google.com/file/d/14vv24ZC3LiYR7mx8AMtE5Ktg_MpO0uZz/view?usp=drivesdk
1/15/2026 15:38:10,ระบบเดิม (นำเข้า),68-2569 เรื่อง ขอเสนอบริการพิเศษวงเงินเครดิตสำหรับหน่วยงานราชการ.pdf,บริหารแผนงานและงบประมาณ,https://drive.google.com/file/d/12SVVSxseQohZmTq9SCj9f_t3UEzmVw0T/view?usp=drivesdk
1/14/2026 15:58:12,ระบบเดิม (นำเข้า),54-2569 เรื่อง การทบทวนสาระสำคัญของแผนพัฒนาการศึกษาจังหวัดตราด (พ.ศ.๒๕๖๖ - ๒๕๗๐) ฉบับทบทวน.pdf,บริหารแผนงานและงบประมาณ,https://drive.google.com/file/d/1USHyYb11cUsm-lfi03P3jXA-NKShvgeU/view?usp=drivesdk
1/14/2026 15:58:10,ระบบเดิม (นำเข้า),55-2569 เรื่อง ขอความร่วมมือในการจัดทำแผนงานหรือแนวทางในการป้องปรามและเฝ้าระวังการทุจริตในหน่วยงาน.pdf,บริหารแผนงานและงบประมาณ,https://drive.google.com/file/d/15tFLQj4msm4be0hpUV4e738xcyATJI0T/view?usp=drivesdk
1/14/2026 15:58:08,ระบบเดิม (นำเข้า),58-2569 เรื่อง แต่งตั้งคณะอนุกรรมการส่งเสริมการจัดการศึกษาสำหรับคนพิการระดับจังหวัด.pdf,บริหารแผนงานและงบประมาณ,https://drive.google.com/file/d/1_iPw3WRqcb-Dq6hWT6UqhqlK89orVImY/view?usp=drivesdk
1/14/2026 11:03:40,ระบบเดิม (นำเข้า),36-2569 เรื่อง การสั่งให้ห้างหุ้นส่วนจำกัดพิชญ์คอนสตรัคชั่น และนางสาวเบญจมาศ ฮมแสน เป็นผู้ทิ้งงาน.pdf,บริหารแผนงานและงบประมาณ,https://drive.google.com/file/d/1_o5J9QvVzCWNvrZ8_-jGRBDFosnetfBY/view?usp=drivesdk
1/14/2026 11:03:39,ระบบเดิม (นำเข้า),38-2569 เรื่อง แนวทางจัดหาครุภัณฑ์ตามเกณฑ์ราคากลางและคุณลักษณะพื้นฐานการจัดหาอุปกรณ์และระบบคอมพิวเตอร์.pdf,บริหารแผนงานและงบประมาณ,https://drive.google.com/file/d/15ep7pSThGvGjl5fVmK3zFpPF99JTIssV/view?usp=drivesdk
1/12/2026 13:32:38,ระบบเดิม (นำเข้า),33-2569 เรื่อง รายงานการเบิกจ่ายเงินงบประมาณค่าจ้าง ครูโรงพยาบาล คู่ขนานออทิสติก - ศูนย์การศึกษาพิเศษ ประจําจังหวัดตราด.pdf,บริหารแผนงานและงบประมาณ,https://drive.google.com/file/d/1eEt-eKy7LdBTgB0j8LtZn59ivNaDBJuR/view?usp=drivesdk
1/7/2026 14:13:58,ระบบเดิม (นำเข้า),6-2569 เรื่อง รายงานการประเมินผลการปฏิบัติงานด้านบัญชีภาครัฐ ประจำปีงบประมาณ พ.ศ. ๒๕๖๘ รอบ ๑๒ เดือน - ศูนย์การศึกษาพิเศษ ประจําจังหวัดตราด.pdf,บริหารแผนงานและงบประมาณ,https://drive.google.com/file/d/1PoGvl2vJRAwFrj-bjEFqYmla0rEZFpNx/view?usp=drivesdk
1/7/2026 14:13:55,ระบบเดิม (นำเข้า),4-2569 เรื่อง ยกเลิกใบเสร็จรับเงิน - ศูนย์การศึกษาพิเศษ ประจําจังหวัดตราด.pdf,บริหารแผนงานและงบประมาณ,https://drive.google.com/file/d/1pZD-LAIJHij82pS1FMpRcee23Qix_XZM/view?usp=drivesdk
1/7/2026 14:13:53,ระบบเดิม (นำเข้า),7-2569เรื่อง จัดสรรงบประมาณรายจ่ายประจำปีงบประมาณ พ.ศ. 2569 งบเงินอุดหนุน กิจกรรมการพัฒนาสมรรถภาพเด็กพิการภาคเรียนที่ 2-68 (เพิ่มเติม) - ศูนย์การศึกษาพิเศษ ประจําจังหวัดตราด.pdf,บริหารแผนงานและงบประมาณ,https://drive.google.com/file/d/1v03BtwEZOOIKS7i8zwJo74G6oFoUlwtA/view?usp=drivesdk
1/7/2026 14:13:51,ระบบเดิม (นำเข้า),3-2569 เรื่อง การตรวจสอบและเร่งรัดการชำระค่าไฟฟ้าค้างชำระของหน่วยงานในสังกัดสำนักงานคณะกรรมการการศึกษาขั้นพื้นฐาน - ศูนย์การศึกษาพิเศษ ประจําจังหวัดตราด.pdf,บริหารแผนงานและงบประมาณ,https://drive.google.com/file/d/1BYZu0HSis0XHB6byDmxgGLEshIrU-26M/view?usp=drivesdk
1/7/2026 14:13:48,ระบบเดิม (นำเข้า),11-2569 เรื่อง กำหนดค่าจ้างขั้นต่ำและขั้นสูง ที่ใช้เป็นฐานในการคำนวณเงินสมทบของผู้ประกันตนตามมาตรา 33 พ.ศ.2568 - ศูนย์การศึกษาพิเศษ ประจําจังหวัดตราด.pdf,บริหารแผนงานและงบประมาณ,https://drive.google.com/file/d/1bRk4558ENwJv0SyAP7Kbrk5xkejOgBVC/view?usp=drivesdk
1/7/2026 14:13:47,ระบบเดิม (นำเข้า),15-2569 เรื่อง ซ้อมความเข้าใจงานจ้างเหมาบริการ(บุคคลธรรมดา)ตามพระราชบัญญัติการจัดซื้อจัดจ้างและการบริหารพัสดุภาครัฐ พ.ศ. 2560 - ศูนย์การศึกษาพิเศษ ประจําจังหวัดตราด.pdf,บริหารแผนงานและงบประมาณ,https://drive.google.com/file/d/1yi8jvpEtEEe4p--3hsPWgOT7EyVOrcrO/view?usp=drivesdk
3/17/2026 16:23:26,ระบบเดิม (นำเข้า),230-2569 เรื่อง ขอเชิญร่วมงานนวัตวิถีรวมพลคนพอเพียง ครั้งที่ 6.pdf,รองผู้อำนวยการ,https://drive.google.com/file/d/1nYCZrhkjeINLYj-Oro7z_eP-_CuYdyO4/view?usp=drivesdk
3/17/2026 16:23:24,ระบบเดิม (นำเข้า),233-2569 เรื่อง เชิญประชุมสร้างการรับรู้ ระดมความคิดเห็น และร่วมกำหนดแนวทางการบริหารงานเชิงพื้นที่.pdf,รองผู้อำนวยการ,https://drive.google.com/file/d/1u0HsgmOrOPKILPm5CiR0gMPXHDEw3Q-m/view?usp=drivesdk
2/18/2026 16:36:50,ระบบเดิม (นำเข้า),154-2569 เรื่อง การประชุมคณะกรมการจังหวัดและหัวหน้าส่วนราชการจังหวัดตราด ครั้งที่ ๒-๒๕๖๙.pdf,รองผู้อำนวยการ,https://drive.google.com/file/d/1-gSqGRWHXXX25pZBSEDTr04Z7DAearVF/view?usp=drivesdk
2/16/2026 13:52:41,ระบบเดิม (นำเข้า),145-2569 เรื่อง ขอเชิญเข้าร่วมเป็นเกียรติในโครงการอนุรักษ์สืบสานภูมิปัญญาท้องถิ่นท่าพริกเนินทราย.pdf,รองผู้อำนวยการ,https://drive.google.com/file/d/1nJ27neC4z7za5Uy0QYINFXeZzrhQKRbv/view?usp=drivesdk
2/16/2026 13:52:38,ระบบเดิม (นำเข้า),151-2569 เรื่อง ขอเชิญประชุม (กำนันผู้ใหญ่บ้าน).pdf,รองผู้อำนวยการ,https://drive.google.com/file/d/1_7PATsJNwD2-YxVhd1uKhjO9I3bjE4ph/view?usp=drivesdk
3/24/2026 16:21:37,ระบบเดิม (นำเข้า),252-2569 เรื่อง ขอเชิญประชุมคณะอนุกรรมการส่งเสริมและพัฒนาคุณภาพชีวิตคนพิการประจำจังหวัดตราด ครั้งที่ 2-2569.pdf,ผู้อำนวยการ,https://drive.google.com/file/d/1FRFW2VuCycqsgtmZNQuyTWTCVpzLylg0/view?usp=drivesdk
3/19/2026 14:28:16,ระบบเดิม (นำเข้า),237-2569 เรื่อง การคัดเลือกครูผู้สมควรได้รับพระราชทานรางวัลสมเด็จเจ้าฟ้ามหาจักรี ครั้งที่ ๗ ปี พ.ศ. ๒๕๗๐.pdf,ผู้อำนวยการ,https://drive.google.com/file/d/1RXAvfpzGAdUxN2cXKZBZ04eaSk3LSbjV/view?usp=drivesdk
3/19/2026 14:28:17,ระบบเดิม (นำเข้า),235-2569 เรื่อง การประชุมคณะกรมการจังหวัดและหัวหน้าส่วนราชการจังหวัดตราด ครั้งที่ 3-2569.pdf,ผู้อำนวยการ,https://drive.google.com/file/d/1X4cSlOEoFxKuJmsOZim4EYO3W94weZ2f/view?usp=drivesdk
3/17/2026 16:24:09,ระบบเดิม (นำเข้า),233-2569 เรื่อง เชิญประชุมสร้างการรับรู้ ระดมความคิดเห็น และร่วมกำหนดแนวทางการบริหารงานเชิงพื้นที่.pdf,ผู้อำนวยการ,https://drive.google.com/file/d/1QSJUqvFUrwnmQUfWM_bq_CMtNrlA-tAI/view?usp=drivesdk
3/16/2026 14:56:44,ระบบเดิม (นำเข้า),218-2569 เรื่อง ขอเชิญประชุมผู้อำนวยการศูนย์การศึกษาพิเศษ ในเขตการศึกษา ๑๒.pdf,ผู้อำนวยการ,https://drive.google.com/file/d/1Aai6n0VRymgt6ajIO8A-lWOfcJfDqTyo/view?usp=drivesdk
3/16/2026 14:56:42,ระบบเดิม (นำเข้า),220-2569 เรื่อง ประกาศตำแหน่งผู้บริหารสถานศึกษาว่างเพิ่มเติม ตำแหน่งผู้อำนวยการสถานศึกษา ประจำปีพ.ศ. 2568.pdf,ผู้อำนวยการ,https://drive.google.com/file/d/1XewEuuMIWiSVfR0HUNz5EIBxRD3tbso3/view?usp=drivesdk
2/18/2026 16:36:34,ระบบเดิม (นำเข้า),159-2569 เรื่อง อนุญาตให้ข้าราชการครูและบุคลากรทางการศึกษาเดินทางไปราชการภายนอกจังหวัด.pdf,ผู้อำนวยการ,https://drive.google.com/file/d/1IfyMlPC0qXegUxLi3ZzZxuXi5FRnSoY_/view?usp=drivesdk
2/18/2026 16:36:37,ระบบเดิม (นำเข้า),155-2569 เรื่อง ขอเรียนเชิญผู้บริหารสถานศึกษาเข้าร่วมพิธีเปิดและรับมอบเกียรติบัตร.pdf,ผู้อำนวยการ,https://drive.google.com/file/d/13BRorfkuqYXlUeWXlCFdT7J0bcDXvI1u/view?usp=drivesdk
2/16/2026 13:52:44,ระบบเดิม (นำเข้า),147-2569 เรื่อง ขอเชิญประชุม (กลุ่ม 2).pdf,ผู้อำนวยการ,https://drive.google.com/file/d/1uyFWrwaezFrn1GfCB8YWQ7qUJ08tJb3v/view?usp=drivesdk
3/27/2026 17:23:26,งานธุรการกลาง,กำหนดการ 6 เม.ย. 69.pdf,ผู้อำนวยการ,https://drive.google.com/file/d/1dYgR1t9ejL5h_TzsvJLvrYsYhFsqb6mj/view?usp=drivesdk
30/3/2569 12:08:51,งานธุรการกลาง,กำหนดการ 6 เม.ย. 69.pdf,บริหารงานวิชาการ,https://drive.google.com/file/d/1vEBh0mpCZqVD0GPCe1lwnTWL3mgwQqw7/view?usp=drivesdk
30/3/2569 12:31:45,งานธุรการกลาง,พระเทพ.pdf,บริหารงานวิชาการ,https://drive.google.com/file/d/1d_HdQOZsw9E6JYeoH_WquEDpPAYeAnQn/view?usp=drivesdk
30/3/2569 12:38:32,งานธุรการกลาง,ประชาสัมพันธ์การรับสมัครผู้ประกอบวิชาชีพทางการศึกษาเข้าร่วมโครงการประยุกต์ใช้หลักสมาธิในการปฏิบัติตน.pdf,บริหารงานวิชาการ,https://drive.google.com/file/d/1Kun2MR3jL6nYnexYVop2TE5u4eE1wZcu/view?usp=drivesdk